time,temp_sht4x,Forecast(temp_sht4x),Lower Confidence Bound(temp_sht4x),Upper Confidence Bound(temp_sht4x)
4/3/2024 21:22,32.16,,,
4/3/2024 21:23,32.06,,,
4/3/2024 21:24,31.93,,,
4/3/2024 21:25,31.41,,,
4/3/2024 21:26,31.16,,,
4/3/2024 21:27,31.75,,,
4/3/2024 21:28,31.12,,,
4/3/2024 21:29,31.19,,,
4/3/2024 21:30,31.2,,,
4/3/2024 21:31,31.3,,,
4/3/2024 21:32,30.82,,,
4/3/2024 21:33,31.32,,,
4/3/2024 21:34,31.36,,,
4/3/2024 21:35,31.59,,,
4/3/2024 21:36,32.1,,,
4/3/2024 21:37,32.4,,,
4/3/2024 21:38,32.38,,,
4/3/2024 21:39,31.91,,,
4/3/2024 21:40,31.85,,,
4/3/2024 21:41,32.02,,,
4/3/2024 21:42,31.47,,,
4/3/2024 21:43,31.03,,,
4/3/2024 21:44,31.26,,,
4/3/2024 21:45,31.16,,,
4/3/2024 21:46,30.89,,,
4/3/2024 21:47,31.16,,,
4/3/2024 21:48,31.44,,,
4/3/2024 21:49,31.63,,,
4/3/2024 21:50,31.71,,,
4/3/2024 21:51,32.17,,,
4/3/2024 21:52,31.87,,,
4/3/2024 21:53,31.53,,,
4/3/2024 21:54,31.44,,,
4/3/2024 21:55,30.95,,,
4/3/2024 21:56,30.79,,,
4/3/2024 21:57,30.37,,,
4/3/2024 21:58,31.17,,,
4/3/2024 21:59,30.7,,,
4/3/2024 22:00,31.25,,,
4/3/2024 22:01,31.31,,,
4/3/2024 22:02,31.11,,,
4/3/2024 22:03,31.68,,,
4/3/2024 22:04,31.51,,,
4/3/2024 22:05,31.16,,,
4/3/2024 22:06,31.02,,,
4/3/2024 22:07,31.01,,,
4/3/2024 22:08,31.52,,,
4/3/2024 22:09,31.39,,,
4/3/2024 22:10,31.46,,,
4/3/2024 22:11,31.28,,,
4/3/2024 22:12,31,,,
4/3/2024 22:13,31.24,,,
4/3/2024 22:14,31.33,,,
4/3/2024 22:15,31.58,,,
4/3/2024 22:16,31.87,,,
4/3/2024 22:17,32.66,,,
4/3/2024 22:18,31.86,,,
4/3/2024 22:19,32.03,,,
4/3/2024 22:20,31.35,,,
4/3/2024 22:21,31.18,,,
4/3/2024 22:22,31.54,,,
4/3/2024 22:23,31.34,,,
4/3/2024 22:24,31.14,,,
4/3/2024 22:25,31.03,,,
4/3/2024 22:26,31.12,,,
4/3/2024 22:27,31.55,,,
4/3/2024 22:28,31.49,,,
4/3/2024 22:29,31.62,,,
4/3/2024 22:30,32.01,,,
4/3/2024 22:31,32.03,,,
4/3/2024 22:32,31.61,,,
4/3/2024 22:33,30.94,,,
4/3/2024 22:34,30.81,,,
4/3/2024 22:35,30.54,,,
4/3/2024 22:36,31.24,,,
4/3/2024 22:37,30.75,,,
4/3/2024 22:38,31.17,,,
4/3/2024 22:39,31.12,,,
4/3/2024 22:40,31.46,,,
4/3/2024 22:41,31.18,,,
4/3/2024 22:42,31.25,,,
4/3/2024 22:43,31.87,,,
4/3/2024 22:44,31.57,,,
4/3/2024 22:45,31.18,,,
4/3/2024 22:46,31.5,,,
4/3/2024 22:47,31.97,,,
4/3/2024 22:48,30.7,,,
4/3/2024 22:49,30.97,,,
4/3/2024 22:50,31.42,,,
4/3/2024 22:51,30.52,,,
4/3/2024 22:52,31.16,,,
4/3/2024 22:53,31.69,,,
4/3/2024 22:54,31.53,,,
4/3/2024 22:55,31.26,,,
4/3/2024 22:56,31.67,,,
4/3/2024 22:57,31.88,,,
4/3/2024 22:58,31.2,,,
4/3/2024 22:59,30.97,,,
4/3/2024 23:00,30.78,,,
4/3/2024 23:01,30.89,,,
4/3/2024 23:02,30.82,,,
4/3/2024 23:03,31.17,,,
4/3/2024 23:04,30.74,,,
4/3/2024 23:05,30.84,,,
4/3/2024 23:06,31.07,,,
4/3/2024 23:07,30.81,,,
4/3/2024 23:08,31.26,,,
4/3/2024 23:09,30.76,,,
4/3/2024 23:10,30.34,,,
4/3/2024 23:11,29.91,,,
4/3/2024 23:12,29.64,,,
4/3/2024 23:13,29.46,,,
4/3/2024 23:14,29.37,,,
4/3/2024 23:15,29.92,,,
4/3/2024 23:16,30.28,,,
4/3/2024 23:17,30.77,,,
4/3/2024 23:18,30.62,,,
4/3/2024 23:19,30.65,,,
4/3/2024 23:20,30.73,,,
4/3/2024 23:21,30.52,,,
4/3/2024 23:22,30.09,,,
4/3/2024 23:23,29.97,,,
4/3/2024 23:24,29.75,,,
4/3/2024 23:25,29.86,,,
4/3/2024 23:26,29.79,,,
4/3/2024 23:27,29.94,,,
4/3/2024 23:28,30.15,,,
4/3/2024 23:29,30.23,,,
4/3/2024 23:30,30.48,,,
4/3/2024 23:31,30.73,,,
4/3/2024 23:32,31.41,,,
4/3/2024 23:33,30.64,,,
4/3/2024 23:34,30.96,,,
4/3/2024 23:35,30.59,,,
4/3/2024 23:36,30.61,,,
4/3/2024 23:37,30.33,,,
4/3/2024 23:38,30.42,,,
4/3/2024 23:39,30.51,,,
4/3/2024 23:40,30.44,,,
4/3/2024 23:41,29.88,,,
4/3/2024 23:42,29.94,,,
4/3/2024 23:43,30.38,,,
4/3/2024 23:44,30.96,,,
4/3/2024 23:45,31.09,,,
4/3/2024 23:46,31.91,,,
4/3/2024 23:47,31.25,,,
4/3/2024 23:48,32.12,,,
4/3/2024 23:49,31.9,,,
4/3/2024 23:50,31.77,,,
4/3/2024 23:51,31.55,,,
4/3/2024 23:52,31.44,,,
4/3/2024 23:53,30.81,,,
4/3/2024 23:54,31.03,,,
4/3/2024 23:55,30.73,,,
4/3/2024 23:56,31.03,,,
4/3/2024 23:57,31.87,,,
4/3/2024 23:58,32.11,,,
4/3/2024 23:59,32.21,,,
4/4/2024 0:00,31.99,,,
4/4/2024 0:01,31.54,,,
4/4/2024 0:02,31.33,,,
4/4/2024 0:03,31.16,,,
4/4/2024 0:04,30.67,,,
4/4/2024 0:05,30.48,,,
4/4/2024 0:06,31.02,,,
4/4/2024 0:07,31.1,,,
4/4/2024 0:08,31.39,,,
4/4/2024 0:09,31.89,,,
4/4/2024 0:10,31.99,,,
4/4/2024 0:11,32.23,,,
4/4/2024 0:12,31.97,,,
4/4/2024 0:13,32.19,,,
4/4/2024 0:14,32.33,,,
4/4/2024 0:15,32,,,
4/4/2024 0:16,31.18,,,
4/4/2024 0:17,31.42,,,
4/4/2024 0:18,31.51,,,
4/4/2024 0:19,31.3,,,
4/4/2024 0:20,31.9,,,
4/4/2024 0:21,31.89,,,
4/4/2024 0:22,31.8,,,
4/4/2024 0:23,32.23,,,
4/4/2024 0:24,32.68,,,
4/4/2024 0:25,32.55,,,
4/4/2024 0:26,32.4,,,
4/4/2024 0:27,32.17,,,
4/4/2024 0:28,32.32,,,
4/4/2024 0:29,32.23,,,
4/4/2024 0:30,31.48,,,
4/4/2024 0:31,31.58,,,
4/4/2024 0:32,31.62,,,
4/4/2024 0:33,31.73,,,
4/4/2024 0:34,31.78,,,
4/4/2024 0:35,31.72,,,
4/4/2024 0:36,31.96,,,
4/4/2024 0:37,32.22,,,
4/4/2024 0:38,32.14,,,
4/4/2024 0:39,32.37,,,
4/4/2024 0:40,32.34,,,
4/4/2024 0:41,32.15,,,
4/4/2024 0:42,31.21,,,
4/4/2024 0:43,31.44,,,
4/4/2024 0:44,31.79,,,
4/4/2024 0:45,31.5,,,
4/4/2024 0:46,32,,,
4/4/2024 0:47,31.89,,,
4/4/2024 0:48,32.16,,,
4/4/2024 0:49,32.86,,,
4/4/2024 0:50,32.8,,,
4/4/2024 0:51,32.44,,,
4/4/2024 0:52,32.32,,,
4/4/2024 0:53,31.92,,,
4/4/2024 0:54,31.78,,,
4/4/2024 0:55,31.31,,,
4/4/2024 0:56,31.72,,,
4/4/2024 0:57,31.86,,,
4/4/2024 0:58,31.88,,,
4/4/2024 0:59,31.88,,,
4/4/2024 1:00,32.45,,,
4/4/2024 1:01,32.22,,,
4/4/2024 1:02,31.92,,,
4/4/2024 1:03,32.69,,,
4/4/2024 1:04,32.86,,,
4/4/2024 1:05,32.8,,,
4/4/2024 1:06,32.24,,,
4/4/2024 1:07,32.11,,,
4/4/2024 1:08,31.63,,,
4/4/2024 1:09,31.3,,,
4/4/2024 1:10,31.21,,,
4/4/2024 1:11,31.71,,,
4/4/2024 1:12,31.79,,,
4/4/2024 1:13,31.74,,,
4/4/2024 1:14,31.87,,,
4/4/2024 1:15,32.11,,,
4/4/2024 1:16,32.34,,,
4/4/2024 1:17,32.75,,,
4/4/2024 1:18,32.5,,,
4/4/2024 1:19,32.72,,,
4/4/2024 1:20,32.87,,,
4/4/2024 1:21,31.88,,,
4/4/2024 1:22,31.35,,,
4/4/2024 1:23,31.28,,,
4/4/2024 1:24,31.75,,,
4/4/2024 1:25,31.6,,,
4/4/2024 1:26,32.22,,,
4/4/2024 1:27,32.17,,,
4/4/2024 1:28,32.24,,,
4/4/2024 1:29,31.93,,,
4/4/2024 1:30,32.64,,,
4/4/2024 1:31,32.37,,,
4/4/2024 1:32,33.14,,,
4/4/2024 1:33,32.68,,,
4/4/2024 1:34,32.46,,,
4/4/2024 1:35,31.94,,,
4/4/2024 1:36,32.42,,,
4/4/2024 1:37,32.18,,,
4/4/2024 1:38,31.74,,,
4/4/2024 1:39,32,,,
4/4/2024 1:40,32.19,,,
4/4/2024 1:41,32.16,,,
4/4/2024 1:42,32.37,,,
4/4/2024 1:43,32.9,,,
4/4/2024 1:44,32.38,,,
4/4/2024 1:45,33.29,,,
4/4/2024 1:46,32.93,,,
4/4/2024 1:47,33.17,,,
4/4/2024 1:48,32.94,,,
4/4/2024 1:49,31.89,,,
4/4/2024 1:50,32.36,,,
4/4/2024 1:51,31.47,,,
4/4/2024 1:52,31.31,,,
4/4/2024 1:53,31.83,,,
4/4/2024 1:54,32.48,,,
4/4/2024 1:55,32.46,,,
4/4/2024 1:56,32.43,,,
4/4/2024 1:57,32.5,,,
4/4/2024 1:58,32.55,,,
4/4/2024 1:59,32.47,,,
4/4/2024 2:00,32.97,,,
4/4/2024 2:01,33.26,,,
4/4/2024 2:02,32.9,,,
4/4/2024 2:03,32.39,,,
4/4/2024 2:04,32.53,,,
4/4/2024 2:05,31.6,,,
4/4/2024 2:06,31.12,,,
4/4/2024 2:07,31.78,,,
4/4/2024 2:08,31.95,,,
4/4/2024 2:09,32.11,,,
4/4/2024 2:10,32.46,,,
4/4/2024 2:11,32.97,,,
4/4/2024 2:12,32.66,,,
4/4/2024 2:13,32.98,,,
4/4/2024 2:14,33.41,,,
4/4/2024 2:15,33.59,,,
4/4/2024 2:16,32.96,,,
4/4/2024 2:17,33.3,,,
4/4/2024 2:18,32.51,,,
4/4/2024 2:19,32.04,,,
4/4/2024 2:20,31.53,,,
4/4/2024 2:21,32.25,,,
4/4/2024 2:22,31.59,,,
4/4/2024 2:23,32.06,,,
4/4/2024 2:24,32.28,,,
4/4/2024 2:25,32.3,,,
4/4/2024 2:26,32.42,,,
4/4/2024 2:27,31.96,,,
4/4/2024 2:28,32.41,,,
4/4/2024 2:28,32.86,,,
4/4/2024 2:29,33.28,,,
4/4/2024 2:30,33.11,,,
4/4/2024 2:31,32.46,,,
4/4/2024 2:32,32.57,,,
4/4/2024 2:33,32.29,,,
4/4/2024 2:34,31.73,,,
4/4/2024 2:35,32.07,,,
4/4/2024 2:36,31.84,,,
4/4/2024 2:37,32.33,,,
4/4/2024 2:38,32.17,,,
4/4/2024 2:39,32.12,,,
4/4/2024 2:40,32.07,,,
4/4/2024 2:41,31.92,,,
4/4/2024 2:42,32.14,,,
4/4/2024 2:43,32.74,,,
4/4/2024 2:44,33.12,,,
4/4/2024 2:45,32.95,,,
4/4/2024 2:46,32.27,,,
4/4/2024 2:47,32.28,,,
4/4/2024 2:48,32.11,,,
4/4/2024 2:49,31.68,,,
4/4/2024 2:50,31.35,,,
4/4/2024 2:51,31.98,,,
4/4/2024 2:52,31.94,,,
4/4/2024 2:53,31.77,,,
4/4/2024 2:54,32.3,,,
4/4/2024 2:55,32.03,,,
4/4/2024 2:56,31.7,,,
4/4/2024 2:57,32.14,,,
4/4/2024 2:58,32.95,,,
4/4/2024 2:59,32.95,,,
4/4/2024 3:00,32.68,,,
4/4/2024 3:01,32.5,,,
4/4/2024 3:02,32.32,,,
4/4/2024 3:03,31.95,,,
4/4/2024 3:04,31.2,,,
4/4/2024 3:05,31.27,,,
4/4/2024 3:06,31.38,,,
4/4/2024 3:07,31.7,,,
4/4/2024 3:08,31.81,,,
4/4/2024 3:09,31.83,,,
4/4/2024 3:10,31.87,,,
4/4/2024 3:11,31.78,,,
4/4/2024 3:12,32.02,,,
4/4/2024 3:13,32.88,,,
4/4/2024 3:14,32.98,,,
4/4/2024 3:15,33.26,,,
4/4/2024 3:16,32.86,,,
4/4/2024 3:17,32.64,,,
4/4/2024 3:18,32.06,,,
4/4/2024 3:19,31.57,,,
4/4/2024 3:20,31.63,,,
4/4/2024 3:21,31.7,,,
4/4/2024 3:22,31.73,,,
4/4/2024 3:23,32.23,,,
4/4/2024 3:24,32.44,,,
4/4/2024 3:25,32.52,,,
4/4/2024 3:26,32.44,,,
4/4/2024 3:27,32.81,,,
4/4/2024 3:28,33.33,,,
4/4/2024 3:29,33,,,
4/4/2024 3:30,32.87,,,
4/4/2024 3:31,32.51,,,
4/4/2024 3:32,32.7,,,
4/4/2024 3:33,31.6,,,
4/4/2024 3:34,31.84,,,
4/4/2024 3:35,31.68,,,
4/4/2024 3:36,31.77,,,
4/4/2024 3:37,32.31,,,
4/4/2024 3:38,32.45,,,
4/4/2024 3:39,32.415,,,
4/4/2024 3:39,32.38,,,
4/4/2024 3:40,32.31,,,
4/4/2024 3:41,32.34,,,
4/4/2024 3:42,32.56,,,
4/4/2024 3:43,32.95,,,
4/4/2024 3:44,33.09,,,
4/4/2024 3:45,32.73,,,
4/4/2024 3:46,32.62,,,
4/4/2024 3:47,32.48,,,
4/4/2024 3:48,32.36,,,
4/4/2024 3:49,31.68,,,
4/4/2024 3:50,31.54,,,
4/4/2024 3:51,32.04,,,
4/4/2024 3:52,31.85,,,
4/4/2024 3:53,32.29,,,
4/4/2024 3:54,32.15,,,
4/4/2024 3:55,32.19,,,
4/4/2024 3:56,32.76,,,
4/4/2024 3:57,32.66,,,
4/4/2024 3:58,32.9,,,
4/4/2024 3:59,33.45,,,
4/4/2024 4:00,33.5,,,
4/4/2024 4:01,33.11,,,
4/4/2024 4:02,32.53,,,
4/4/2024 4:03,32.64,,,
4/4/2024 4:04,31.84,,,
4/4/2024 4:05,31.6,,,
4/4/2024 4:06,31.69,,,
4/4/2024 4:07,31.5,,,
4/4/2024 4:08,31.42,,,
4/4/2024 4:09,31.9,,,
4/4/2024 4:10,32.28,,,
4/4/2024 4:11,32.11,,,
4/4/2024 4:12,32.3,,,
4/4/2024 4:13,32.76,,,
4/4/2024 4:14,33.06,,,
4/4/2024 4:15,33.19,,,
4/4/2024 4:16,32.78,,,
4/4/2024 4:17,32.95,,,
4/4/2024 4:18,32.61,,,
4/4/2024 4:19,31.83,,,
4/4/2024 4:20,32.07,,,
4/4/2024 4:21,31.8,,,
4/4/2024 4:22,31.67,,,
4/4/2024 4:23,32.03,,,
4/4/2024 4:24,32.39,,,
4/4/2024 4:25,32.46,,,
4/4/2024 4:26,32.19,,,
4/4/2024 4:27,32.43,,,
4/4/2024 4:28,32.55,,,
4/4/2024 4:29,33.08,,,
4/4/2024 4:30,33.23,,,
4/4/2024 4:31,32.63,,,
4/4/2024 4:32,32.85,,,
4/4/2024 4:33,32.53,,,
4/4/2024 4:34,31.99,,,
4/4/2024 4:35,31.17,,,
4/4/2024 4:36,31.32,,,
4/4/2024 4:37,31.59,,,
4/4/2024 4:38,31.37,,,
4/4/2024 4:39,31.95,,,
4/4/2024 4:40,31.58,,,
4/4/2024 4:41,31.87,,,
4/4/2024 4:42,32.43,,,
4/4/2024 4:43,32.35,,,
4/4/2024 4:44,33.05,,,
4/4/2024 4:45,33.11,,,
4/4/2024 4:46,33.22,,,
4/4/2024 4:47,32.49,,,
4/4/2024 4:48,32.68,,,
4/4/2024 4:49,32.52,,,
4/4/2024 4:50,31.47,,,
4/4/2024 4:51,31.38,,,
4/4/2024 4:52,31.58,,,
4/4/2024 4:53,32.4,,,
4/4/2024 4:54,32.26,,,
4/4/2024 4:55,32.07,,,
4/4/2024 4:56,31.83,,,
4/4/2024 4:57,31.86,,,
4/4/2024 4:58,32.37,,,
4/4/2024 4:59,32.72,,,
4/4/2024 5:00,32.79,,,
4/4/2024 5:01,32.9,,,
4/4/2024 5:02,32.69,,,
4/4/2024 5:03,32.31,,,
4/4/2024 5:04,32.27,,,
4/4/2024 5:05,31.39,,,
4/4/2024 5:06,31.04,,,
4/4/2024 5:07,31.31,,,
4/4/2024 5:08,31.36,,,
4/4/2024 5:09,31.5,,,
4/4/2024 5:10,31.58,,,
4/4/2024 5:11,31.99,,,
4/4/2024 5:12,32.25,,,
4/4/2024 5:13,32.47,,,
4/4/2024 5:14,32.94,,,
4/4/2024 5:15,32.69,,,
4/4/2024 5:16,32.84,,,
4/4/2024 5:17,33.16,,,
4/4/2024 5:18,32.91,,,
4/4/2024 5:19,32.57,,,
4/4/2024 5:20,32.86,,,
4/4/2024 5:21,32.5,,,
4/4/2024 5:22,31.63,,,
4/4/2024 5:23,31.35,,,
4/4/2024 5:24,31.65,,,
4/4/2024 5:25,32.31,,,
4/4/2024 5:26,32.22,,,
4/4/2024 5:27,32.75,,,
4/4/2024 5:28,32.68,,,
4/4/2024 5:29,32.66,,,
4/4/2024 5:30,32.32,,,
4/4/2024 5:31,32.37,,,
4/4/2024 5:32,32.44,,,
4/4/2024 5:33,33.06,,,
4/4/2024 5:34,33.29,,,
4/4/2024 5:35,32.96,,,
4/4/2024 5:36,32.97,,,
4/4/2024 5:37,32.78,,,
4/4/2024 5:38,32.03,,,
4/4/2024 5:39,31.82,,,
4/4/2024 5:40,31.49,,,
4/4/2024 5:41,32.31,,,
4/4/2024 5:42,31.71,,,
4/4/2024 5:43,32.4,,,
4/4/2024 5:44,32.45,,,
4/4/2024 5:45,31.78,,,
4/4/2024 5:46,32.06,,,
4/4/2024 5:47,31.79,,,
4/4/2024 5:48,32.2,,,
4/4/2024 5:49,32.76,,,
4/4/2024 5:50,32.4,,,
4/4/2024 5:51,32.38,,,
4/4/2024 5:52,32.11,,,
4/4/2024 5:53,32.16,,,
4/4/2024 5:54,30.86,,,
4/4/2024 5:55,31.18,,,
4/4/2024 5:56,31.27,,,
4/4/2024 5:57,31.16,,,
4/4/2024 5:58,31.72,,,
4/4/2024 5:59,31.33,,,
4/4/2024 6:00,31.61,,,
4/4/2024 6:01,31.86,,,
4/4/2024 6:02,31.96,,,
4/4/2024 6:03,31.62,,,
4/4/2024 6:04,32.57,,,
4/4/2024 6:05,32.49,,,
4/4/2024 6:06,32.59,,,
4/4/2024 6:07,32.65,,,
4/4/2024 6:08,32.22,,,
4/4/2024 6:09,31.49,,,
4/4/2024 6:10,31.25,,,
4/4/2024 6:11,30.99,,,
4/4/2024 6:12,31.5,,,
4/4/2024 6:13,31.29,,,
4/4/2024 6:14,31.63,,,
4/4/2024 6:15,31.95,,,
4/4/2024 6:16,31.71,,,
4/4/2024 6:17,31.91,,,
4/4/2024 6:18,31.62,,,
4/4/2024 6:19,32.33,,,
4/4/2024 6:20,32.68,,,
4/4/2024 6:21,32.81,,,
4/4/2024 6:22,32.64,,,
4/4/2024 6:23,32.47,,,
4/4/2024 6:24,33.04,,,
4/4/2024 6:25,31.67,,,
4/4/2024 6:26,31.95,,,
4/4/2024 6:27,32.01,,,
4/4/2024 6:28,31.43,,,
4/4/2024 6:29,31.78,,,
4/4/2024 6:30,31.71,,,
4/4/2024 6:31,31.97,,,
4/4/2024 6:32,31.95,,,
4/4/2024 6:33,31.91,,,
4/4/2024 6:34,32.17,,,
4/4/2024 6:35,32.21,,,
4/4/2024 6:36,32.09,,,
4/4/2024 6:37,31.63,,,
4/4/2024 6:38,31.24,,,
4/4/2024 6:39,31.27,,,
4/4/2024 6:40,31.43,,,
4/4/2024 6:41,31.87,,,
4/4/2024 6:42,31.57,,,
4/4/2024 6:43,31.88,,,
4/4/2024 6:44,31.36,,,
4/4/2024 6:45,31.49,,,
4/4/2024 6:46,31.46,,,
4/4/2024 6:47,31.53,,,
4/4/2024 6:48,31.85,,,
4/4/2024 6:49,32.25,,,
4/4/2024 6:50,32.37,,,
4/4/2024 6:51,32.19,,,
4/4/2024 6:52,31.9,,,
4/4/2024 6:53,31.53,,,
4/4/2024 6:54,31.24,,,
4/4/2024 6:55,31.11,,,
4/4/2024 6:56,31.17,,,
4/4/2024 6:57,31.1,,,
4/4/2024 6:58,31.48,,,
4/4/2024 6:59,31.13,,,
4/4/2024 7:00,31.57,,,
4/4/2024 7:01,31.86,,,
4/4/2024 7:02,31.88,,,
4/4/2024 7:03,31.7,,,
4/4/2024 7:04,32.59,,,
4/4/2024 7:05,32.48,,,
4/4/2024 7:06,32.13,,,
4/4/2024 7:07,32.47,,,
4/4/2024 7:08,31.75,,,
4/4/2024 7:09,31.55,,,
4/4/2024 7:10,30.94,,,
4/4/2024 7:11,31.39,,,
4/4/2024 7:12,30.95,,,
4/4/2024 7:13,31.06,,,
4/4/2024 7:14,31.2,,,
4/4/2024 7:15,31.64,,,
4/4/2024 7:16,31.81,,,
4/4/2024 7:17,31.65,,,
4/4/2024 7:18,31.58,,,
4/4/2024 7:19,31.58,,,
4/4/2024 7:20,32.1,,,
4/4/2024 7:21,32.39,,,
4/4/2024 7:22,32.19,,,
4/4/2024 7:23,31.96,,,
4/4/2024 7:24,31.83,,,
4/4/2024 7:25,31.68,,,
4/4/2024 7:26,30.96,,,
4/4/2024 7:27,30.74,,,
4/4/2024 7:28,31.01,,,
4/4/2024 7:29,30.79,,,
4/4/2024 7:30,31.21,,,
4/4/2024 7:31,31.33,,,
4/4/2024 7:32,31.48,,,
4/4/2024 7:33,31.38,,,
4/4/2024 7:34,31.45,,,
4/4/2024 7:35,31.93,,,
4/4/2024 7:36,31.59,,,
4/4/2024 7:37,31.76,,,
4/4/2024 7:38,31.53,,,
4/4/2024 7:39,31.14,,,
4/4/2024 7:40,30.49,,,
4/4/2024 7:41,30.44,,,
4/4/2024 7:42,30.62,,,
4/4/2024 7:43,30.91,,,
4/4/2024 7:44,31.24,,,
4/4/2024 7:45,31.2,,,
4/4/2024 7:46,31.42,,,
4/4/2024 7:47,31.52,,,
4/4/2024 7:48,31.48,,,
4/4/2024 7:49,31.7,,,
4/4/2024 7:50,32.24,,,
4/4/2024 7:51,32.02,,,
4/4/2024 7:52,32.07,,,
4/4/2024 7:53,31.9,,,
4/4/2024 7:54,31.63,,,
4/4/2024 7:55,31.28,,,
4/4/2024 7:56,31.09,,,
4/4/2024 7:57,30.85,,,
4/4/2024 7:58,30.79,,,
4/4/2024 7:59,31.25,,,
4/4/2024 8:00,31.38,,,
4/4/2024 8:01,31.63,,,
4/4/2024 8:02,31.57,,,
4/4/2024 8:03,31.86,,,
4/4/2024 8:04,32.29,,,
4/4/2024 8:05,31.84,,,
4/4/2024 8:06,31.87,,,
4/4/2024 8:07,31.45,,,
4/4/2024 8:08,31.39,,,
4/4/2024 8:09,31.23,,,
4/4/2024 8:10,31.26,,,
4/4/2024 8:11,31.07,,,
4/4/2024 8:12,31.54,,,
4/4/2024 8:13,31.42,,,
4/4/2024 8:14,31.92,,,
4/4/2024 8:15,31.21,,,
4/4/2024 8:16,31.06,,,
4/4/2024 8:17,30.93,,,
4/4/2024 8:18,31.38,,,
4/4/2024 8:19,31.52,,,
4/4/2024 8:20,31.8,,,
4/4/2024 8:21,31.52,,,
4/4/2024 8:22,31.02,,,
4/4/2024 8:23,31.14,,,
4/4/2024 8:24,30.7,,,
4/4/2024 8:25,30.77,,,
4/4/2024 8:26,30.29,,,
4/4/2024 8:27,30.47,,,
4/4/2024 8:28,30.58,,,
4/4/2024 8:29,30.64,,,
4/4/2024 8:30,30.9,,,
4/4/2024 8:31,30.96,,,
4/4/2024 8:32,30.85,,,
4/4/2024 8:33,31.04,,,
4/4/2024 8:34,31.29,,,
4/4/2024 8:35,31.06,,,
4/4/2024 8:36,31.31,,,
4/4/2024 8:37,31.05,,,
4/4/2024 8:38,30.6,,,
4/4/2024 8:39,30.42,,,
4/4/2024 8:40,30.28,,,
4/4/2024 8:41,30.46,,,
4/4/2024 8:42,30.52,,,
4/4/2024 8:43,29.64,,,
4/4/2024 8:44,29.52,,,
4/4/2024 8:45,29.53,,,
4/4/2024 8:46,29.34,,,
4/4/2024 8:47,29.29,,,
4/4/2024 8:48,28.86,,,
4/4/2024 8:49,28.8,,,
4/4/2024 8:50,28.65,,,
4/4/2024 8:51,28.59,,,
4/4/2024 8:52,28.46,,,
4/4/2024 8:53,28.53,,,
4/4/2024 8:54,28.71,,,
4/4/2024 8:55,29.03,,,
4/4/2024 8:56,29.16,,,
4/4/2024 8:57,29.21,,,
4/4/2024 8:58,29.51,,,
4/4/2024 8:59,29.23,,,
4/4/2024 9:00,28.75,,,
4/4/2024 9:01,28.46,,,
4/4/2024 9:02,28.45,,,
4/4/2024 9:03,28.21,,,
4/4/2024 9:04,27.85,,,
4/4/2024 9:05,28.4,,,
4/4/2024 9:06,28.66,,,
4/4/2024 9:07,28.99,,,
4/4/2024 9:08,29.08,,,
4/4/2024 9:09,29.28,,,
4/4/2024 9:10,29.44,,,
4/4/2024 9:11,29.26,,,
4/4/2024 9:12,28.84,,,
4/4/2024 9:13,28.59,,,
4/4/2024 9:14,28.48,,,
4/4/2024 9:15,28.5,,,
4/4/2024 9:16,28.06,,,
4/4/2024 9:17,28.01,,,
4/4/2024 9:18,28.31,,,
4/4/2024 9:19,28.76,,,
4/4/2024 9:20,28.865,,,
4/4/2024 9:20,28.97,,,
4/4/2024 9:21,29.23,,,
4/4/2024 9:22,29.55,,,
4/4/2024 9:23,29.55,,,
4/4/2024 9:24,29.85,,,
4/4/2024 9:25,29.6,,,
4/4/2024 9:26,29.25,,,
4/4/2024 9:27,28.77,,,
4/4/2024 9:28,28.53,,,
4/4/2024 9:29,28.31,,,
4/4/2024 9:30,28.69,,,
4/4/2024 9:31,28.79,,,
4/4/2024 9:32,28.83,,,
4/4/2024 9:33,29.17,,,
4/4/2024 9:34,29.34,,,
4/4/2024 9:35,29.5,,,
4/4/2024 9:36,29.46,,,
4/4/2024 9:37,29.14,,,
4/4/2024 9:38,29.03,,,
4/4/2024 9:39,29.06,,,
4/4/2024 9:40,28.53,,,
4/4/2024 9:41,28.52,,,
4/4/2024 9:42,28.41,,,
4/4/2024 9:43,28.44,,,
4/4/2024 9:44,28.84,,,
4/4/2024 9:45,29.27,,,
4/4/2024 9:46,29.17,,,
4/4/2024 9:47,29.48,,,
4/4/2024 9:48,29.93,,,
4/4/2024 9:49,29.89,,,
4/4/2024 9:50,29.6,,,
4/4/2024 9:51,28.94,,,
4/4/2024 9:52,28.48,,,
4/4/2024 9:53,28.23,,,
4/4/2024 9:54,28.01,,,
4/4/2024 9:55,28.16,,,
4/4/2024 9:56,28.65,,,
4/4/2024 9:57,29.04,,,
4/4/2024 9:58,29.21,,,
4/4/2024 9:59,29.4,,,
4/4/2024 10:00,29.28,,,
4/4/2024 10:01,29.1,,,
4/4/2024 10:02,29.01,,,
4/4/2024 10:03,28.84,,,
4/4/2024 10:04,28.68,,,
4/4/2024 10:05,28.55,,,
4/4/2024 10:06,28.34,,,
4/4/2024 10:07,28.18,,,
4/4/2024 10:08,28.35,,,
4/4/2024 10:09,28.5,,,
4/4/2024 10:10,29.01,,,
4/4/2024 10:11,29.19,,,
4/4/2024 10:12,29.71,,,
4/4/2024 10:13,29.41,,,
4/4/2024 10:14,29.12,,,
4/4/2024 10:15,28.79,,,
4/4/2024 10:16,28.62,,,
4/4/2024 10:17,28.62,,,
4/4/2024 10:18,28.52,,,
4/4/2024 10:19,28.28,,,
4/4/2024 10:20,28.36,,,
4/4/2024 10:21,28.81,,,
4/4/2024 10:22,29.1,,,
4/4/2024 10:23,29.2,,,
4/4/2024 10:24,29.37,29.37,29.37,29.37
4/4/2024 10:25,,29.36793957,28.35,30.39
4/4/2024 10:26,,29.36587914,28.32,30.41
4/4/2024 10:27,,29.36381871,28.31,30.41
4/4/2024 10:28,,29.36175828,28.31,30.42
4/4/2024 10:29,,29.35969784,28.30,30.42
4/4/2024 10:30,,29.35763741,28.29,30.42
4/4/2024 10:31,,29.35557698,28.28,30.43
4/4/2024 10:32,,29.35351655,28.28,30.43
4/4/2024 10:33,,29.35145612,28.27,30.43
4/4/2024 10:34,,29.34939569,28.26,30.44
4/4/2024 10:35,,29.34733526,28.25,30.44
4/4/2024 10:36,,29.34527483,28.25,30.45
4/4/2024 10:37,,29.34321439,28.24,30.45
4/4/2024 10:38,,29.34115396,28.23,30.45
4/4/2024 10:39,,29.33909353,28.22,30.46
4/4/2024 10:39,,29.3370331,28.21,30.46
4/4/2024 10:40,,29.33497267,28.20,30.47
4/4/2024 10:41,,29.33291224,28.20,30.47
4/4/2024 10:42,,29.33085181,28.19,30.47
4/4/2024 10:43,,29.32879138,28.18,30.48
4/4/2024 10:44,,29.32673095,28.17,30.48
4/4/2024 10:45,,29.32467051,28.16,30.49
4/4/2024 10:46,,29.32261008,28.15,30.49
4/4/2024 10:47,,29.32054965,28.15,30.50
4/4/2024 10:48,,29.31848922,28.14,30.50
4/4/2024 10:49,,29.31642879,28.13,30.50
4/4/2024 10:50,,29.31436836,28.12,30.51
4/4/2024 10:51,,29.31230793,28.11,30.51
4/4/2024 10:52,,29.3102475,28.10,30.52
4/4/2024 10:53,,29.30818706,28.09,30.52
4/4/2024 10:54,,29.30612663,28.08,30.53
4/4/2024 10:55,,29.3040662,28.07,30.53
4/4/2024 10:56,,29.30200577,28.06,30.54
4/4/2024 10:57,,29.29994534,28.06,30.54
4/4/2024 10:58,,29.29788491,28.05,30.55
4/4/2024 10:59,,29.29582448,28.04,30.56
4/4/2024 11:00,,29.29376405,28.03,30.56
4/4/2024 11:01,,29.29170362,28.02,30.57
4/4/2024 11:02,,29.28964318,28.01,30.57
4/4/2024 11:03,,29.28758275,28.00,30.58
4/4/2024 11:04,,29.28552232,27.99,30.58
4/4/2024 11:04,,29.28346189,27.98,30.59
4/4/2024 11:05,,29.28140146,27.97,30.59
4/4/2024 11:06,,29.27934103,27.96,30.60
4/4/2024 11:07,,29.2772806,27.95,30.61
4/4/2024 11:08,,29.27522017,27.94,30.61
4/4/2024 11:09,,29.27315973,27.93,30.62
4/4/2024 11:10,,29.2710993,27.92,30.62
4/4/2024 11:11,,29.26903887,27.91,30.63
4/4/2024 11:12,,29.26697844,27.90,30.64
4/4/2024 11:13,,29.26491801,27.89,30.64
4/4/2024 11:14,,29.26285758,27.88,30.65
4/4/2024 11:15,,29.26079715,27.87,30.66
4/4/2024 11:16,,29.25873672,27.86,30.66
4/4/2024 11:17,,29.25667629,27.85,30.67
4/4/2024 11:18,,29.25461585,27.83,30.67
4/4/2024 11:19,,29.25255542,27.82,30.68
4/4/2024 11:20,,29.25049499,27.81,30.69
4/4/2024 11:21,,29.24843456,27.80,30.69
4/4/2024 11:22,,29.24637413,27.79,30.70
4/4/2024 11:23,,29.2443137,27.78,30.71
4/4/2024 11:24,,29.24225327,27.77,30.71
4/4/2024 11:25,,29.24019284,27.76,30.72
4/4/2024 11:26,,29.23813241,27.75,30.73
4/4/2024 11:27,,29.23607197,27.74,30.74
4/4/2024 11:28,,29.23401154,27.73,30.74
4/4/2024 11:28,,29.23195111,27.71,30.75
4/4/2024 11:29,,29.22989068,27.70,30.76
4/4/2024 11:30,,29.22783025,27.69,30.76
4/4/2024 11:31,,29.22576982,27.68,30.77
4/4/2024 11:32,,29.22370939,27.67,30.78
4/4/2024 11:33,,29.22164896,27.66,30.79
4/4/2024 11:34,,29.21958852,27.65,30.79
4/4/2024 11:35,,29.21752809,27.63,30.80
4/4/2024 11:36,,29.21546766,27.62,30.81
4/4/2024 11:37,,29.21340723,27.61,30.82
4/4/2024 11:38,,29.2113468,27.60,30.82
4/4/2024 11:39,,29.20928637,27.59,30.83
4/4/2024 11:40,,29.20722594,27.58,30.84
4/4/2024 11:41,,29.20516551,27.56,30.85
4/4/2024 11:42,,29.20310508,27.55,30.85
4/4/2024 11:43,,29.20104464,27.54,30.86
4/4/2024 11:44,,29.19898421,27.53,30.87
4/4/2024 11:45,,29.19692378,27.52,30.88
4/4/2024 11:46,,29.19486335,27.50,30.89
4/4/2024 11:47,,29.19280292,27.49,30.89
4/4/2024 11:48,,29.19074249,27.48,30.90
4/4/2024 11:49,,29.18868206,27.47,30.91
4/4/2024 11:50,,29.18662163,27.45,30.92
4/4/2024 11:51,,29.18456119,27.44,30.93
4/4/2024 11:52,,29.18250076,27.43,30.94
4/4/2024 11:52,,29.18044033,27.42,30.94
4/4/2024 11:53,,29.1783799,27.40,30.95
4/4/2024 11:54,,29.17631947,27.39,30.96
4/4/2024 11:55,,29.17425904,27.38,30.97
4/4/2024 11:56,,29.17219861,27.37,30.98
4/4/2024 11:57,,29.17013818,27.35,30.99
4/4/2024 11:58,,29.16807775,27.34,30.99
4/4/2024 11:59,,29.16601731,27.33,31.00
4/4/2024 12:00,,29.16395688,27.32,31.01
4/4/2024 12:01,,29.16189645,27.30,31.02
4/4/2024 12:02,,29.15983602,27.29,31.03
4/4/2024 12:03,,29.15777559,27.28,31.04
4/4/2024 12:04,,29.15571516,27.26,31.05
4/4/2024 12:05,,29.15365473,27.25,31.06
4/4/2024 12:06,,29.1515943,27.24,31.06
4/4/2024 12:07,,29.14953386,27.23,31.07
4/4/2024 12:08,,29.14747343,27.21,31.08
4/4/2024 12:09,,29.145413,27.20,31.09
4/4/2024 12:10,,29.14335257,27.19,31.10
4/4/2024 12:11,,29.14129214,27.17,31.11
4/4/2024 12:12,,29.13923171,27.16,31.12
4/4/2024 12:13,,29.13717128,27.15,31.13
4/4/2024 12:14,,29.13511085,27.13,31.14
4/4/2024 12:15,,29.13305042,27.12,31.15
4/4/2024 12:16,,29.13098998,27.11,31.16
4/4/2024 12:16,,29.12892955,27.09,31.17
4/4/2024 12:17,,29.12686912,27.08,31.18
4/4/2024 12:18,,29.12480869,27.06,31.18
4/4/2024 12:19,,29.12274826,27.05,31.19
4/4/2024 12:20,,29.12068783,27.04,31.20
4/4/2024 12:21,,29.1186274,27.02,31.21
4/4/2024 12:22,,29.11656697,27.01,31.22
4/4/2024 12:23,,29.11450653,27.00,31.23
4/4/2024 12:24,,29.1124461,26.98,31.24
4/4/2024 12:25,,29.11038567,26.97,31.25
4/4/2024 12:26,,29.10832524,26.95,31.26
4/4/2024 12:27,,29.10626481,26.94,31.27
4/4/2024 12:28,,29.10420438,26.93,31.28
4/4/2024 12:29,,29.10214395,26.91,31.29
4/4/2024 12:30,,29.10008352,26.90,31.30
4/4/2024 12:31,,29.09802309,26.88,31.31
4/4/2024 12:32,,29.09596265,26.87,31.32
4/4/2024 12:33,,29.09390222,26.86,31.33
4/4/2024 12:34,,29.09184179,26.84,31.34
4/4/2024 12:35,,29.08978136,26.83,31.35
4/4/2024 12:36,,29.08772093,26.81,31.36
4/4/2024 12:37,,29.0856605,26.80,31.37
4/4/2024 12:38,,29.08360007,26.79,31.38
4/4/2024 12:39,,29.08153964,26.77,31.39
4/4/2024 12:40,,29.0794792,26.76,31.40
4/4/2024 12:41,,29.07741877,26.74,31.41
4/4/2024 12:41,,29.07535834,26.73,31.42
4/4/2024 12:42,,29.07329791,26.71,31.43
4/4/2024 12:43,,29.07123748,26.70,31.44
4/4/2024 12:44,,29.06917705,26.68,31.45
4/4/2024 12:45,,29.06711662,26.67,31.46
4/4/2024 12:46,,29.06505619,26.65,31.48
4/4/2024 12:47,,29.06299576,26.64,31.49
4/4/2024 12:48,,29.06093532,26.63,31.50
4/4/2024 12:49,,29.05887489,26.61,31.51
4/4/2024 12:50,,29.05681446,26.60,31.52
4/4/2024 12:51,,29.05475403,26.58,31.53
4/4/2024 12:52,,29.0526936,26.57,31.54
4/4/2024 12:53,,29.05063317,26.55,31.55
4/4/2024 12:54,,29.04857274,26.54,31.56
4/4/2024 12:55,,29.04651231,26.52,31.57
4/4/2024 12:56,,29.04445187,26.51,31.58
4/4/2024 12:57,,29.04239144,26.49,31.59
4/4/2024 12:58,,29.04033101,26.48,31.60
4/4/2024 12:59,,29.03827058,26.46,31.62
4/4/2024 13:00,,29.03621015,26.45,31.63
4/4/2024 13:01,,29.03414972,26.43,31.64
4/4/2024 13:02,,29.03208929,26.42,31.65
4/4/2024 13:03,,29.03002886,26.40,31.66
4/4/2024 13:04,,29.02796843,26.39,31.67
4/4/2024 13:05,,29.02590799,26.37,31.68
4/4/2024 13:05,,29.02384756,26.36,31.69
4/4/2024 13:06,,29.02178713,26.34,31.70
4/4/2024 13:07,,29.0197267,26.32,31.72
4/4/2024 13:08,,29.01766627,26.31,31.73
4/4/2024 13:09,,29.01560584,26.29,31.74
4/4/2024 13:10,,29.01354541,26.28,31.75
4/4/2024 13:11,,29.01148498,26.26,31.76
4/4/2024 13:12,,29.00942454,26.25,31.77
4/4/2024 13:13,,29.00736411,26.23,31.78
4/4/2024 13:14,,29.00530368,26.22,31.79
4/4/2024 13:15,,29.00324325,26.20,31.81
4/4/2024 13:16,,29.00118282,26.18,31.82
4/4/2024 13:17,,28.99912239,26.17,31.83
4/4/2024 13:18,,28.99706196,26.15,31.84
4/4/2024 13:19,,28.99500153,26.14,31.85
4/4/2024 13:20,,28.9929411,26.12,31.86
4/4/2024 13:21,,28.99088066,26.11,31.88
4/4/2024 13:22,,28.98882023,26.09,31.89
4/4/2024 13:23,,28.9867598,26.07,31.90
4/4/2024 13:24,,28.98469937,26.06,31.91
4/4/2024 13:25,,28.98263894,26.04,31.92
4/4/2024 13:26,,28.98057851,26.03,31.93
4/4/2024 13:27,,28.97851808,26.01,31.95
4/4/2024 13:28,,28.97645765,25.99,31.96
4/4/2024 13:29,,28.97439722,25.98,31.97
4/4/2024 13:29,,28.97233678,25.96,31.98
4/4/2024 13:30,,28.97027635,25.95,31.99
4/4/2024 13:31,,28.96821592,25.93,32.01
4/4/2024 13:32,,28.96615549,25.91,32.02
4/4/2024 13:33,,28.96409506,25.90,32.03
